position,id,label_4way,label_2way
0,sappelli:100865,ignore,no_reply
1,sappelli:102834,accountable non-answer,no_reply
2,sappelli:102928,accountable non-answer,no_reply
3,sappelli:103076,immediate reply,needs_reply
4,sappelli:103216,ignore,no_reply
5,sappelli:103455,ignore,no_reply
6,sappelli:103462,accountable non-answer,no_reply
7,sappelli:103793,ignore,no_reply
8,sappelli:103820,immediate reply,needs_reply
9,sappelli:103855,postponed reply,needs_reply
10,sappelli:103860,immediate reply,needs_reply
11,sappelli:103938,ignore,no_reply
12,sappelli:104126,accountable non-answer,no_reply
13,sappelli:104236,accountable non-answer,no_reply
14,sappelli:104301,immediate reply,needs_reply
15,sappelli:104352,accountable non-answer,no_reply
16,sappelli:104386,immediate reply,needs_reply
17,sappelli:104498,immediate reply,needs_reply
18,sappelli:104532,accountable non-answer,no_reply
19,sappelli:104535,ignore,no_reply
20,sappelli:104540,immediate reply,needs_reply
21,sappelli:104548,accountable non-answer,no_reply
22,sappelli:104552,accountable non-answer,no_reply
23,sappelli:104556,accountable non-answer,no_reply
24,sappelli:105134,postponed reply,needs_reply
25,sappelli:105421,immediate reply,needs_reply
26,sappelli:105611,accountable non-answer,no_reply
27,sappelli:105628,accountable non-answer,no_reply
28,sappelli:105644,postponed reply,needs_reply
29,sappelli:105680,accountable non-answer,no_reply
30,sappelli:105691,accountable non-answer,no_reply
31,sappelli:105861,accountable non-answer,no_reply
32,sappelli:106266,accountable non-answer,no_reply
33,sappelli:106903,postponed reply,needs_reply
34,sappelli:106903,postponed reply,needs_reply
35,sappelli:106903,postponed reply,needs_reply
36,sappelli:108333,postponed reply,needs_reply
37,sappelli:108341,ignore,no_reply
38,sappelli:108390,ignore,no_reply
39,sappelli:108390,ignore,no_reply
40,sappelli:108390,ignore,no_reply
41,sappelli:108683,ignore,no_reply
42,sappelli:108683,ignore,no_reply
43,sappelli:108683,ignore,no_reply
44,sappelli:109234,postponed reply,needs_reply
45,sappelli:109479,postponed reply,needs_reply
46,sappelli:109497,ignore,no_reply
47,sappelli:109615,ignore,no_reply
48,sappelli:109615,ignore,no_reply
49,sappelli:109615,ignore,no_reply
50,sappelli:109990,ignore,no_reply
51,sappelli:110530,ignore,no_reply
52,sappelli:110530,ignore,no_reply
53,sappelli:110530,ignore,no_reply
54,sappelli:110531,immediate reply,needs_reply
55,sappelli:11250,accountable non-answer,no_reply
56,sappelli:11251,accountable non-answer,no_reply
57,sappelli:11390,accountable non-answer,no_reply
58,sappelli:11395,accountable non-answer,no_reply
59,sappelli:11400,accountable non-answer,no_reply
60,sappelli:117625,accountable non-answer,no_reply
61,sappelli:117652,accountable non-answer,no_reply
62,sappelli:117660,accountable non-answer,no_reply
63,sappelli:1301,accountable non-answer,no_reply
64,sappelli:135262,accountable non-answer,no_reply
65,sappelli:135267,immediate reply,needs_reply
66,sappelli:135269,accountable non-answer,no_reply
67,sappelli:135270,accountable non-answer,no_reply
68,sappelli:135281,accountable non-answer,no_reply
69,sappelli:135297,immediate reply,needs_reply
70,sappelli:135303,accountable non-answer,no_reply
71,sappelli:139527,immediate reply,needs_reply
72,sappelli:139778,immediate reply,needs_reply
73,sappelli:140355,immediate reply,needs_reply
74,sappelli:140498,immediate reply,needs_reply
75,sappelli:140670,immediate reply,needs_reply
76,sappelli:140795,accountable non-answer,no_reply
77,sappelli:141108,postponed reply,needs_reply
78,sappelli:141223,accountable non-answer,no_reply
79,sappelli:141681,postponed reply,needs_reply
80,sappelli:142333,postponed reply,needs_reply
81,sappelli:142548,immediate reply,needs_reply
82,sappelli:142573,accountable non-answer,no_reply
83,sappelli:142714,immediate reply,needs_reply
84,sappelli:142844,immediate reply,needs_reply
85,sappelli:143130,postponed reply,needs_reply
86,sappelli:143171,immediate reply,needs_reply
87,sappelli:143174,postponed reply,needs_reply
88,sappelli:143179,accountable non-answer,no_reply
89,sappelli:143264,immediate reply,needs_reply
90,sappelli:143273,immediate reply,needs_reply
91,sappelli:143339,immediate reply,needs_reply
92,sappelli:143387,accountable non-answer,no_reply
93,sappelli:143405,accountable non-answer,no_reply
94,sappelli:143405,accountable non-answer,no_reply
95,sappelli:143405,accountable non-answer,no_reply
96,sappelli:143407,accountable non-answer,no_reply
97,sappelli:143541,immediate reply,needs_reply
98,sappelli:143614,postponed reply,needs_reply
99,sappelli:143627,accountable non-answer,no_reply
100,sappelli:143638,accountable non-answer,no_reply
101,sappelli:143654,postponed reply,needs_reply
102,sappelli:143779,accountable non-answer,no_reply
103,sappelli:1473,accountable non-answer,no_reply
104,sappelli:1479,accountable non-answer,no_reply
105,sappelli:1483,postponed reply,needs_reply
106,sappelli:1490,accountable non-answer,no_reply
107,sappelli:1495,accountable non-answer,no_reply
108,sappelli:1504,postponed reply,needs_reply
109,sappelli:1508,accountable non-answer,no_reply
110,sappelli:1509,immediate reply,needs_reply
111,sappelli:160877,ignore,no_reply
112,sappelli:162619,accountable non-answer,no_reply
113,sappelli:172838,accountable non-answer,no_reply
114,sappelli:172894,accountable non-answer,no_reply
115,sappelli:172935,postponed reply,needs_reply
116,sappelli:173020,accountable non-answer,no_reply
117,sappelli:173063,accountable non-answer,no_reply
118,sappelli:173116,accountable non-answer,no_reply
119,sappelli:173161,accountable non-answer,no_reply
120,sappelli:173179,ignore,no_reply
121,sappelli:173190,accountable non-answer,no_reply
122,sappelli:173273,accountable non-answer,no_reply
123,sappelli:173337,immediate reply,needs_reply
124,sappelli:173368,postponed reply,needs_reply
125,sappelli:173374,accountable non-answer,no_reply
126,sappelli:173378,accountable non-answer,no_reply
127,sappelli:173408,postponed reply,needs_reply
128,sappelli:173442,accountable non-answer,no_reply
129,sappelli:173674,ignore,no_reply
130,sappelli:173758,accountable non-answer,no_reply
131,sappelli:173769,accountable non-answer,no_reply
132,sappelli:174868,accountable non-answer,no_reply
133,sappelli:174927,immediate reply,needs_reply
134,sappelli:174928,accountable non-answer,no_reply
135,sappelli:174949,accountable non-answer,no_reply
136,sappelli:175086,accountable non-answer,no_reply
137,sappelli:175121,postponed reply,needs_reply
138,sappelli:175148,accountable non-answer,no_reply
139,sappelli:175154,accountable non-answer,no_reply
140,sappelli:177156,accountable non-answer,no_reply
141,sappelli:177189,immediate reply,needs_reply
142,sappelli:177333,postponed reply,needs_reply
143,sappelli:177370,postponed reply,needs_reply
144,sappelli:178230,accountable non-answer,no_reply
145,sappelli:178239,accountable non-answer,no_reply
146,sappelli:180669,immediate reply,needs_reply
147,sappelli:180854,immediate reply,needs_reply
148,sappelli:180885,immediate reply,needs_reply
149,sappelli:180970,accountable non-answer,no_reply
150,sappelli:181031,immediate reply,needs_reply
151,sappelli:181094,immediate reply,needs_reply
152,sappelli:181163,immediate reply,needs_reply
153,sappelli:181234,accountable non-answer,no_reply
154,sappelli:181314,postponed reply,needs_reply
155,sappelli:181390,immediate reply,needs_reply
156,sappelli:181400,accountable non-answer,no_reply
157,sappelli:181447,immediate reply,needs_reply
158,sappelli:181522,immediate reply,needs_reply
159,sappelli:182006,postponed reply,needs_reply
160,sappelli:182198,immediate reply,needs_reply
161,sappelli:182230,postponed reply,needs_reply
162,sappelli:182333,accountable non-answer,no_reply
163,sappelli:182386,postponed reply,needs_reply
164,sappelli:182465,accountable non-answer,no_reply
165,sappelli:187010,immediate reply,needs_reply
166,sappelli:187014,accountable non-answer,no_reply
167,sappelli:187822,accountable non-answer,no_reply
168,sappelli:187830,accountable non-answer,no_reply
169,sappelli:188171,accountable non-answer,no_reply
170,sappelli:18825,accountable non-answer,no_reply
171,sappelli:1938,accountable non-answer,no_reply
172,sappelli:1944,accountable non-answer,no_reply
173,sappelli:1973,immediate reply,needs_reply
174,sappelli:19849,accountable non-answer,no_reply
175,sappelli:19908,accountable non-answer,no_reply
176,sappelli:1993,postponed reply,needs_reply
177,sappelli:200547,postponed reply,needs_reply
178,sappelli:20283,accountable non-answer,no_reply
179,sappelli:2064,accountable non-answer,no_reply
180,sappelli:209540,ignore,no_reply
181,sappelli:210005,accountable non-answer,no_reply
182,sappelli:210233,ignore,no_reply
183,sappelli:210464,immediate reply,needs_reply
184,sappelli:210566,accountable non-answer,no_reply
185,sappelli:210692,accountable non-answer,no_reply
186,sappelli:210706,accountable non-answer,no_reply
187,sappelli:210891,immediate reply,needs_reply
188,sappelli:210948,accountable non-answer,no_reply
189,sappelli:210987,ignore,no_reply
190,sappelli:210988,ignore,no_reply
191,sappelli:211125,accountable non-answer,no_reply
192,sappelli:211151,accountable non-answer,no_reply
193,sappelli:211161,accountable non-answer,no_reply
194,sappelli:211174,immediate reply,needs_reply
195,sappelli:211208,immediate reply,needs_reply
196,sappelli:211260,accountable non-answer,no_reply
197,sappelli:211405,immediate reply,needs_reply
198,sappelli:232696,immediate reply,needs_reply
199,sappelli:232806,postponed reply,needs_reply
200,sappelli:233493,accountable non-answer,no_reply
201,sappelli:233494,postponed reply,needs_reply
202,sappelli:233502,accountable non-answer,no_reply
203,sappelli:233503,accountable non-answer,no_reply
204,sappelli:248595,immediate reply,needs_reply
205,sappelli:248913,ignore,no_reply
206,sappelli:248938,accountable non-answer,no_reply
207,sappelli:248977,immediate reply,needs_reply
208,sappelli:249055,immediate reply,needs_reply
209,sappelli:249121,accountable non-answer,no_reply
210,sappelli:249149,accountable non-answer,no_reply
211,sappelli:249171,postponed reply,needs_reply
212,sappelli:249244,accountable non-answer,no_reply
213,sappelli:249277,accountable non-answer,no_reply
214,sappelli:249327,accountable non-answer,no_reply
215,sappelli:249436,accountable non-answer,no_reply
216,sappelli:249497,immediate reply,needs_reply
217,sappelli:249501,postponed reply,needs_reply
218,sappelli:249521,accountable non-answer,no_reply
219,sappelli:249582,accountable non-answer,no_reply
220,sappelli:249605,accountable non-answer,no_reply
221,sappelli:249778,immediate reply,needs_reply
222,sappelli:249802,immediate reply,needs_reply
223,sappelli:249816,postponed reply,needs_reply
224,sappelli:249854,immediate reply,needs_reply
225,sappelli:249858,accountable non-answer,no_reply
226,sappelli:249881,accountable non-answer,no_reply
227,sappelli:252775,accountable non-answer,no_reply
228,sappelli:253245,accountable non-answer,no_reply
229,sappelli:256574,accountable non-answer,no_reply
230,sappelli:259561,accountable non-answer,no_reply
231,sappelli:259566,accountable non-answer,no_reply
232,sappelli:259580,immediate reply,needs_reply
233,sappelli:259652,accountable non-answer,no_reply
234,sappelli:259664,postponed reply,needs_reply
235,sappelli:259686,accountable non-answer,no_reply
236,sappelli:259799,accountable non-answer,no_reply
237,sappelli:259905,accountable non-answer,no_reply
238,sappelli:259978,accountable non-answer,no_reply
239,sappelli:259989,postponed reply,needs_reply
240,sappelli:260061,immediate reply,needs_reply
241,sappelli:260109,accountable non-answer,no_reply
242,sappelli:260300,accountable non-answer,no_reply
243,sappelli:260332,accountable non-answer,no_reply
244,sappelli:260344,accountable non-answer,no_reply
245,sappelli:260470,accountable non-answer,no_reply
246,sappelli:260573,accountable non-answer,no_reply
247,sappelli:260600,accountable non-answer,no_reply
248,sappelli:260641,accountable non-answer,no_reply
249,sappelli:260699,accountable non-answer,no_reply
250,sappelli:260712,accountable non-answer,no_reply
251,sappelli:260845,accountable non-answer,no_reply
252,sappelli:287084,accountable non-answer,no_reply
253,sappelli:28961,accountable non-answer,no_reply
254,sappelli:28981,accountable non-answer,no_reply
255,sappelli:29258,accountable non-answer,no_reply
256,sappelli:29534,accountable non-answer,no_reply
257,sappelli:30092,accountable non-answer,no_reply
258,sappelli:30107,accountable non-answer,no_reply
259,sappelli:30188,accountable non-answer,no_reply
260,sappelli:30338,accountable non-answer,no_reply
261,sappelli:304907,accountable non-answer,no_reply
262,sappelli:304967,accountable non-answer,no_reply
263,sappelli:305173,ignore,no_reply
264,sappelli:305329,postponed reply,needs_reply
265,sappelli:305379,accountable non-answer,no_reply
266,sappelli:305391,immediate reply,needs_reply
267,sappelli:305432,ignore,no_reply
268,sappelli:305543,immediate reply,needs_reply
269,sappelli:306117,immediate reply,needs_reply
270,sappelli:306123,accountable non-answer,no_reply
271,sappelli:306164,accountable non-answer,no_reply
272,sappelli:306393,accountable non-answer,no_reply
273,sappelli:306399,accountable non-answer,no_reply
274,sappelli:306406,accountable non-answer,no_reply
275,sappelli:30653,postponed reply,needs_reply
276,sappelli:306546,accountable non-answer,no_reply
277,sappelli:306559,ignore,no_reply
278,sappelli:306610,accountable non-answer,no_reply
279,sappelli:306733,postponed reply,needs_reply
280,sappelli:306986,accountable non-answer,no_reply
281,sappelli:307069,accountable non-answer,no_reply
282,sappelli:30709,postponed reply,needs_reply
283,sappelli:307132,postponed reply,needs_reply
284,sappelli:307239,postponed reply,needs_reply
285,sappelli:307287,immediate reply,needs_reply
286,sappelli:30770,immediate reply,needs_reply
287,sappelli:30775,accountable non-answer,no_reply
288,sappelli:30817,accountable non-answer,no_reply
289,sappelli:30856,accountable non-answer,no_reply
290,sappelli:30928,ignore,no_reply
291,sappelli:30929,ignore,no_reply
292,sappelli:31055,accountable non-answer,no_reply
293,sappelli:320867,accountable non-answer,no_reply
294,sappelli:320885,ignore,no_reply
295,sappelli:320936,accountable non-answer,no_reply
296,sappelli:321016,accountable non-answer,no_reply
297,sappelli:321064,accountable non-answer,no_reply
298,sappelli:321076,accountable non-answer,no_reply
299,sappelli:321085,accountable non-answer,no_reply
300,sappelli:321096,accountable non-answer,no_reply
301,sappelli:321106,accountable non-answer,no_reply
302,sappelli:321121,accountable non-answer,no_reply
303,sappelli:321122,accountable non-answer,no_reply
304,sappelli:321146,accountable non-answer,no_reply
305,sappelli:321161,accountable non-answer,no_reply
306,sappelli:321218,accountable non-answer,no_reply
307,sappelli:321246,accountable non-answer,no_reply
308,sappelli:321270,accountable non-answer,no_reply
309,sappelli:321477,accountable non-answer,no_reply
310,sappelli:321684,immediate reply,needs_reply
311,sappelli:321729,accountable non-answer,no_reply
312,sappelli:321772,accountable non-answer,no_reply
313,sappelli:321773,accountable non-answer,no_reply
314,sappelli:321865,accountable non-answer,no_reply
315,sappelli:324010,accountable non-answer,no_reply
316,sappelli:325393,accountable non-answer,no_reply
317,sappelli:326238,accountable non-answer,no_reply
318,sappelli:32764,accountable non-answer,no_reply
319,sappelli:32776,immediate reply,needs_reply
320,sappelli:32815,accountable non-answer,no_reply
321,sappelli:32825,immediate reply,needs_reply
322,sappelli:32836,accountable non-answer,no_reply
323,sappelli:32849,accountable non-answer,no_reply
324,sappelli:32897,immediate reply,needs_reply
325,sappelli:32966,accountable non-answer,no_reply
326,sappelli:33072,accountable non-answer,no_reply
327,sappelli:33182,immediate reply,needs_reply
328,sappelli:33233,accountable non-answer,no_reply
329,sappelli:33370,immediate reply,needs_reply
330,sappelli:33399,postponed reply,needs_reply
331,sappelli:33540,accountable non-answer,no_reply
332,sappelli:33542,accountable non-answer,no_reply
333,sappelli:33572,accountable non-answer,no_reply
334,sappelli:33713,immediate reply,needs_reply
335,sappelli:337436,accountable non-answer,no_reply
336,sappelli:337507,ignore,no_reply
337,sappelli:337522,accountable non-answer,no_reply
338,sappelli:337530,postponed reply,needs_reply
339,sappelli:337618,immediate reply,needs_reply
340,sappelli:337654,accountable non-answer,no_reply
341,sappelli:337748,accountable non-answer,no_reply
342,sappelli:33777,accountable non-answer,no_reply
343,sappelli:337850,postponed reply,needs_reply
344,sappelli:337852,immediate reply,needs_reply
345,sappelli:337998,accountable non-answer,no_reply
346,sappelli:338077,accountable non-answer,no_reply
347,sappelli:338223,immediate reply,needs_reply
348,sappelli:338254,accountable non-answer,no_reply
349,sappelli:338265,accountable non-answer,no_reply
350,sappelli:338300,accountable non-answer,no_reply
351,sappelli:338314,immediate reply,needs_reply
352,sappelli:338340,immediate reply,needs_reply
353,sappelli:338361,immediate reply,needs_reply
354,sappelli:33838,accountable non-answer,no_reply
355,sappelli:338431,accountable non-answer,no_reply
356,sappelli:338534,accountable non-answer,no_reply
357,sappelli:33857,immediate reply,needs_reply
358,sappelli:338659,postponed reply,needs_reply
359,sappelli:338752,accountable non-answer,no_reply
360,sappelli:338762,immediate reply,needs_reply
361,sappelli:379926,accountable non-answer,no_reply
362,sappelli:379936,accountable non-answer,no_reply
363,sappelli:383615,postponed reply,needs_reply
364,sappelli:383662,accountable non-answer,no_reply
365,sappelli:383695,immediate reply,needs_reply
366,sappelli:383705,immediate reply,needs_reply
367,sappelli:383712,accountable non-answer,no_reply
368,sappelli:383717,accountable non-answer,no_reply
369,sappelli:383746,accountable non-answer,no_reply
370,sappelli:383899,postponed reply,needs_reply
371,sappelli:383916,immediate reply,needs_reply
372,sappelli:384047,accountable non-answer,no_reply
373,sappelli:384151,accountable non-answer,no_reply
374,sappelli:384174,accountable non-answer,no_reply
375,sappelli:384224,immediate reply,needs_reply
376,sappelli:384239,postponed reply,needs_reply
377,sappelli:384361,immediate reply,needs_reply
378,sappelli:384365,immediate reply,needs_reply
379,sappelli:384366,accountable non-answer,no_reply
380,sappelli:384376,accountable non-answer,no_reply
381,sappelli:384387,postponed reply,needs_reply
382,sappelli:384393,ignore,no_reply
383,sappelli:384407,immediate reply,needs_reply
384,sappelli:384529,accountable non-answer,no_reply
385,sappelli:384542,accountable non-answer,no_reply
386,sappelli:384548,accountable non-answer,no_reply
387,sappelli:384898,ignore,no_reply
388,sappelli:385146,ignore,no_reply
389,sappelli:385179,ignore,no_reply
390,sappelli:392355,accountable non-answer,no_reply
391,sappelli:394583,accountable non-answer,no_reply
392,sappelli:394978,postponed reply,needs_reply
393,sappelli:395138,accountable non-answer,no_reply
394,sappelli:40953,accountable non-answer,no_reply
395,sappelli:41251,immediate reply,needs_reply
396,sappelli:41262,accountable non-answer,no_reply
397,sappelli:41311,accountable non-answer,no_reply
398,sappelli:41348,immediate reply,needs_reply
399,sappelli:41367,accountable non-answer,no_reply
400,sappelli:41448,accountable non-answer,no_reply
401,sappelli:41475,accountable non-answer,no_reply
402,sappelli:41492,immediate reply,needs_reply
403,sappelli:41531,accountable non-answer,no_reply
404,sappelli:41554,ignore,no_reply
405,sappelli:41601,ignore,no_reply
406,sappelli:41634,immediate reply,needs_reply
407,sappelli:41650,postponed reply,needs_reply
408,sappelli:41669,immediate reply,needs_reply
409,sappelli:41672,postponed reply,needs_reply
410,sappelli:41674,accountable non-answer,no_reply
411,sappelli:41708,immediate reply,needs_reply
412,sappelli:41832,accountable non-answer,no_reply
413,sappelli:41837,immediate reply,needs_reply
414,sappelli:41849,immediate reply,needs_reply
415,sappelli:41854,accountable non-answer,no_reply
416,sappelli:41863,accountable non-answer,no_reply
417,sappelli:48901,accountable non-answer,no_reply
418,sappelli:49346,immediate reply,needs_reply
419,sappelli:49367,immediate reply,needs_reply
420,sappelli:49389,immediate reply,needs_reply
421,sappelli:49419,accountable non-answer,no_reply
422,sappelli:49456,accountable non-answer,no_reply
423,sappelli:49480,accountable non-answer,no_reply
424,sappelli:49485,accountable non-answer,no_reply
425,sappelli:49600,accountable non-answer,no_reply
426,sappelli:49600,accountable non-answer,no_reply
427,sappelli:49624,accountable non-answer,no_reply
428,sappelli:49637,accountable non-answer,no_reply
429,sappelli:49648,immediate reply,needs_reply
430,sappelli:49667,accountable non-answer,no_reply
431,sappelli:49710,accountable non-answer,no_reply
432,sappelli:49712,accountable non-answer,no_reply
433,sappelli:49790,postponed reply,needs_reply
434,sappelli:49822,accountable non-answer,no_reply
435,sappelli:49854,postponed reply,needs_reply
436,sappelli:49982,accountable non-answer,no_reply
437,sappelli:49995,accountable non-answer,no_reply
438,sappelli:50072,immediate reply,needs_reply
439,sappelli:50094,immediate reply,needs_reply
440,sappelli:50115,accountable non-answer,no_reply
441,sappelli:50118,accountable non-answer,no_reply
442,sappelli:50142,accountable non-answer,no_reply
443,sappelli:50232,accountable non-answer,no_reply
444,sappelli:68637,accountable non-answer,no_reply
445,sappelli:69542,accountable non-answer,no_reply
446,sappelli:69661,ignore,no_reply
447,sappelli:69688,immediate reply,needs_reply
448,sappelli:69690,postponed reply,needs_reply
449,sappelli:69696,postponed reply,needs_reply
450,sappelli:69701,accountable non-answer,no_reply
451,sappelli:69802,immediate reply,needs_reply
452,sappelli:69872,immediate reply,needs_reply
453,sappelli:70113,accountable non-answer,no_reply
454,sappelli:70124,accountable non-answer,no_reply
455,sappelli:70129,accountable non-answer,no_reply
456,sappelli:70562,accountable non-answer,no_reply
457,sappelli:70563,ignore,no_reply
458,sappelli:70564,postponed reply,needs_reply
459,sappelli:70654,accountable non-answer,no_reply
460,sappelli:71280,immediate reply,needs_reply
461,sappelli:71422,immediate reply,needs_reply
462,sappelli:73297,accountable non-answer,no_reply
463,sappelli:77400,accountable non-answer,no_reply
464,sappelli:77415,immediate reply,needs_reply
465,sappelli:77443,accountable non-answer,no_reply
466,sappelli:77485,accountable non-answer,no_reply
467,sappelli:77520,immediate reply,needs_reply
468,sappelli:77522,immediate reply,needs_reply
469,sappelli:77566,accountable non-answer,no_reply
470,sappelli:77681,immediate reply,needs_reply
471,sappelli:77694,accountable non-answer,no_reply
472,sappelli:77779,immediate reply,needs_reply
473,sappelli:77834,postponed reply,needs_reply
474,sappelli:77847,accountable non-answer,no_reply
475,sappelli:77881,accountable non-answer,no_reply
476,sappelli:77891,accountable non-answer,no_reply
477,sappelli:77930,accountable non-answer,no_reply
478,sappelli:78089,accountable non-answer,no_reply
479,sappelli:78125,accountable non-answer,no_reply
480,sappelli:78178,immediate reply,needs_reply
481,sappelli:78240,immediate reply,needs_reply
482,sappelli:78264,accountable non-answer,no_reply
483,sappelli:78280,immediate reply,needs_reply
484,sappelli:78292,postponed reply,needs_reply
485,sappelli:78334,accountable non-answer,no_reply
486,sappelli:78343,accountable non-answer,no_reply
487,sappelli:78408,accountable non-answer,no_reply
488,sappelli:8348,accountable non-answer,no_reply
489,sappelli:8356,accountable non-answer,no_reply
490,sappelli:8387,postponed reply,needs_reply
491,sappelli:8392,accountable non-answer,no_reply
492,sappelli:8544,immediate reply,needs_reply
493,sappelli:8631,postponed reply,needs_reply
494,sappelli:8702,accountable non-answer,no_reply
495,sappelli:8782,accountable non-answer,no_reply
496,sappelli:8793,immediate reply,needs_reply
497,sappelli:8803,accountable non-answer,no_reply
498,sappelli:8881,postponed reply,needs_reply
499,sappelli:8974,postponed reply,needs_reply
500,sappelli:8985,postponed reply,needs_reply
501,sappelli:9085,accountable non-answer,no_reply
502,sappelli:9160,postponed reply,needs_reply
503,sappelli:9302,immediate reply,needs_reply
504,sappelli:9330,accountable non-answer,no_reply
505,sappelli:9339,accountable non-answer,no_reply
506,sappelli:94644,accountable non-answer,no_reply
507,sappelli:9647,accountable non-answer,no_reply
